;;;;;;;;;;;;;;;;;;;;;;;;;
;;;;;;;;;;;;;;;;;;;;;;;;;
;;;;;;;;;;;;;;;;;;;;;;;;;
;;;;;;;Reporte de productos;;;;;;;;;;;"żTienes dudas de como usar Tiendana?
Ve nuestro canal en Youtube";;;"
Descarga nuestra App en:


";;;;
;;;;;;;;;;;;;;;;;;;;;;;;;
;;;;;;;;;;;;;;;;;;"żNecesitas ayuda?
Escríbenos a nuesto  Whatsapp Aquí >>>>";;;;;;;
;;;;;;;;;;;;;;;;;;;;;;;;;
;;;żNecesitas equipos POS?;;;;;;;;;;;;;;;;;;;;;;
;;Id;Nombre;Precio;Cantidad;Vender sin stock;Imagen;Código (SKU);Código de barras;Categoría;Marca;Costo del producto;IVA;INC;żAplica descuento?;Precio en descuento;żVender a granel?;Unidad de medida;Habilitar venta en línea;Descripción corta;Descripción general;Activo;Subcategoría;Costo total inventario;Total inventario por vender
;;2438507;AUTOMATICO AGILITY 125 RS;$95.000,00;172,00;No;-;-;-;AUTOMATICO;-;$61.972,00;0,00;0,00;No;$0,00;No;-;Si;-;-;Si;-;$10.659.184,00;$16.340.000,00
;;2438505;AUTOMATICO BWS 125;$118.000,00;171,00;No;-;-;-;AUTOMATICO;-;$61.962,00;0,00;0,00;No;$0,00;No;-;Si;-;-;Si;-;$10.595.502,00;$20.178.000,00
;;1767847;BALINERAS 6201 2RS;$2.200,00;71,00;No;-;-;-;BALINERAS;-;$1.171,00;0,00;0,00;No;$0,00;No;-;Si;-;-;Si;-;$83.141,00;$156.200,00
;;1767849;BALINERAS 6202 2RS;$2.500,00;682,00;No;-;-;-;BALINERAS;-;$1.240,00;0,00;0,00;No;$0,00;No;-;Si;-;-;Si;-;$845.680,00;$1.705.000,00
;;1767848;BALINERAS 6203 2RS;$2.800,00;317,00;No;-;-;-;BALINERAS;-;$1.489,00;0,00;0,00;No;$0,00;No;-;Si;-;-;Si;-;$472.013,00;$887.600,00
;;1767846;BALINERAS 6301 2RS;$3.200,00;137,00;No;-;-;-;BALINERAS;-;$1.764,00;0,00;0,00;No;$0,00;No;-;Si;-;-;Si;-;$241.668,00;$438.400,00
;;1767851;BALINERAS 6302 2RS;$3.200,00;277,00;No;-;-;-;BALINERAS;-;$1.764,00;0,00;0,00;No;$0,00;No;-;Si;-;-;Si;-;$488.628,00;$886.400,00
;;1767781;BANDAS FRENO AKT 110S/VIVA R/BEST BANDA FRENO TRASERO;$7.500,00;0,00;No;-;-;-;BANDAS FRENO;AKT;$4.452,00;0,00;0,00;No;$0,00;No;-;Si;-;-;Si;-;$0,00;$0,00
;;1767783;BANDAS FRENO BOXER CT /AX 100/PLATINO BANDA FRENO TRASERO;$8.000,00;6,00;No;-;-;-;BANDAS FRENO;AUTECO;$4.536,00;0,00;0,00;No;$0,00;No;-;Si;-;-;Si;-;$27.216,00;$48.000,00
;;1767784;BANDAS FRENO DISCOVER 125ST-150/PULSAR 135-180 BANDA DE FRENO TRASERO;$10.000,00;1.125,00;No;-;-;-;BANDAS FRENO;AUTECO;$5.217,00;0,00;0,00;No;$0,00;No;-;Si;-;-;Si;-;$5.869.125,00;$11.250.000,00
;;1767780;BANDAS FRENO ECO DELUXE / CB 110/XR 150 BANDA FRENO DELANTERO;$10.000,00;253,00;No;-;-;-;BANDAS FRENO;AUTECO;$5.068,00;0,00;0,00;No;$0,00;No;-;Si;-;-;Si;-;$1.282.204,00;$2.530.000,00
;;1767779;BANDAS FRENO ECO DELUXE / CB 110/XR 150 TRASERO;$7.500,00;1.195,00;No;-;-;-;BANDAS FRENO;AUTECO;$3.892,00;0,00;0,00;No;$0,00;No;-;Si;-;-;Si;-;$4.650.940,00;$8.962.500,00
;;1767782;BANDAS FRENO XTZ 125E/DR 150/YBR/LIBERO BANDA FRENO TRASERO;$11.000,00;71,00;No;-;-;-;BANDAS FRENO;YAMAHA;$6.285,00;0,00;0,00;No;$0,00;No;-;Si;-;-;Si;-;$446.235,00;$781.000,00
;;2438113;BASE MANIGUETA Discover 125 ST IZQUIERDA;$5.500,00;730,00;No;-;-;-;BASE MANIGUETA;-;$1.814,00;0,00;0,00;No;$0,00;No;-;Si;-;-;Si;-;$1.324.220,00;$4.015.000,00
;;2438114;BASE MANIGUETA ECO DELUXE IZQUIERDA;$5.500,00;681,00;No;-;-;-;BASE MANIGUETA;-;$2.160,00;0,00;0,00;No;$0,00;No;-;Si;-;-;Si;-;$1.470.960,00;$3.745.500,00
;;2438216;BOBINA ALTA AKT NKD 125;$9.500,00;219,00;No;-;-;-;BOBINA ALTA;-;$4.953,00;0,00;0,00;No;$0,00;No;-;Si;-;-;Si;-;$1.084.707,00;$2.080.500,00
;;2438221;BOBINA ALTA BOXER CT 100;$10.500,00;165,00;No;-;-;-;BOBINA ALTA;-;$4.953,00;0,00;0,00;No;$0,00;No;-;Si;-;-;Si;-;$817.245,00;$1.732.500,00
;;2438220;BOBINA ALTA CB 110;$15.500,00;148,00;No;-;-;-;BOBINA ALTA;-;$8.016,00;0,00;0,00;No;$0,00;No;-;Si;-;-;Si;-;$1.186.368,00;$2.294.000,00
;;2438217;BOBINA ALTA ECO DELUXE;$15.500,00;226,00;No;-;-;-;BOBINA ALTA;-;$8.222,00;0,00;0,00;No;$0,00;No;-;Si;-;-;Si;-;$1.858.172,00;$3.503.000,00
;;2438458;BOMBA DE FRENO AKT 110 DELANTERO;$18.500,00;963,00;No;-;-;-;BOMBA DE FRENO;-;$9.734,00;0,00;0,00;No;$0,00;No;-;Si;-;-;Si;-;$9.373.842,00;$17.815.500,00
;;2438460;BOMBA DE FRENO PULSAR 135 DELANTERO;$19.500,00;409,00;No;-;-;-;BOMBA DE FRENO;-;$9.734,00;0,00;0,00;No;$0,00;No;-;Si;-;-;Si;-;$3.981.206,00;$7.975.500,00
;;2438468;BOMBA DE FRENO PULSAR 200NS TRASERO;$23.000,00;232,00;No;-;-;-;BOMBA DE FRENO;-;$9.734,00;0,00;0,00;No;$0,00;No;-;Si;-;-;Si;-;$2.258.288,00;$5.336.000,00
;;2438455;BOMBA DE FRENO UNIVERSAL DELANTERO;$18.500,00;1.291,00;No;-;-;-;BOMBA DE FRENO;-;$9.734,00;0,00;0,00;No;$0,00;No;-;Si;-;-;Si;-;$12.566.594,00;$23.883.500,00
;;2438463;BOMBA DE FRENO UNIVERSAL TRASERO;$19.500,00;212,00;No;-;-;-;BOMBA DE FRENO;-;$10.084,00;0,00;0,00;No;$0,00;No;-;Si;-;-;Si;-;$2.137.808,00;$4.134.000,00
;;1767870;BOMBILLO MOTOLED MOTOLED TRISETA 4 CARAS;$10.000,00;0,00;No;-;-;-;BOMBILLO MOTOLED;-;$0,00;0,00;0,00;No;$0,00;No;-;Si;-;-;Si;-;$0,00;$0,00
;;1767868;BOMBILLO MOTOLED MOTOLED VENTILADOR 4 CARAS 8000 LUMINES;$39.000,00;733,00;No;-;-;-;BOMBILLO MOTOLED;-;$0,00;0,00;0,00;No;$0,00;No;-;Si;-;-;Si;-;$0,00;$28.587.000,00
;;2438117;CALAPIES DELANTEROS CBF 150;$14.000,00;183,00;No;-;-;-;CALAPIES DELANTEROS;-;$5.582,00;0,00;0,00;No;$0,00;No;-;Si;-;-;Si;-;$1.021.506,00;$2.562.000,00
;;2438122;CALAPIES DELANTEROS ECO DELUXE;$12.000,00;203,00;No;-;-;-;CALAPIES DELANTEROS;-;$5.164,00;0,00;0,00;No;$0,00;No;-;Si;-;-;Si;-;$1.048.292,00;$2.436.000,00
;;1767799;CAPUCHON ECO DELUXE;$1.800,00;190,00;No;-;-;-;CAPUCHON;AUTECO;$898,00;0,00;0,00;No;$0,00;No;-;Si;-;-;Si;-;$170.620,00;$342.000,00
;;1767801;CAPUCHON PULSAR 135-180/DISCOVER 125-150;$6.000,00;633,00;No;-;-;-;CAPUCHON;AUTECO;$2.899,00;0,00;0,00;No;$0,00;No;-;Si;-;-;Si;-;$1.835.067,00;$3.798.000,00
;;1767800;CAPUCHON YESKY NEGRO;$2.000,00;413,00;No;-;-;-;CAPUCHON;YAMAHA;$1.022,00;0,00;0,00;No;$0,00;No;-;Si;-;-;Si;-;$422.086,00;$826.000,00
;;2438496;CARBURADOR AKT 110;$43.000,00;162,00;No;-;-;-;CARBURADOR;-;$20.169,00;0,00;0,00;No;$0,00;No;-;Si;-;-;Si;-;$3.267.378,00;$6.966.000,00
;;2438490;CARBURADOR AKT NKD 125;$45.000,00;153,00;No;-;-;-;CARBURADOR;-;$13.910,00;0,00;0,00;No;$0,00;No;-;Si;-;-;Si;-;$2.128.230,00;$6.885.000,00
;;2438492;CARBURADOR BOXER CT 100;$43.000,00;198,00;No;-;-;-;CARBURADOR;-;$20.865,00;0,00;0,00;No;$0,00;No;-;Si;-;-;Si;-;$4.131.270,00;$8.514.000,00
;;2438499;CARBURADOR ECO DELUXE;$48.000,00;162,00;No;-;-;-;CARBURADOR;-;$22.252,00;0,00;0,00;No;$0,00;No;-;Si;-;-;Si;-;$3.604.824,00;$7.776.000,00
;;2438213;CDI AKT 110;$13.000,00;169,00;No;-;-;-;CDI;-;$6.504,00;0,00;0,00;No;$0,00;No;-;Si;-;-;Si;-;$1.099.176,00;$2.197.000,00
;;2438198;COMANDO DERECHO ECO DELUXE;$6.000,00;339,00;No;-;-;-;COMANDO DERECHO;-;$2.731,00;0,00;0,00;No;$0,00;No;-;Si;-;-;Si;-;$925.809,00;$2.034.000,00
;;2438193;COMANDO DERECHO NKD 125;$12.500,00;134,00;No;-;-;-;COMANDO DERECHO;-;$6.355,00;0,00;0,00;No;$0,00;No;-;Si;-;-;Si;-;$851.570,00;$1.675.000,00
;;2438196;COMANDO DERECHO TVS 100 ES;$15.500,00;175,00;No;-;-;-;COMANDO DERECHO;-;$7.560,00;0,00;0,00;No;$0,00;No;-;Si;-;-;Si;-;$1.323.000,00;$2.712.500,00
;;2438185;COMANDO IZQUIERDO AKT NKD 125;$12.500,00;156,00;No;-;-;-;COMANDO IZQUIERDO;-;$6.566,00;0,00;0,00;No;$0,00;No;-;Si;-;-;Si;-;$1.024.296,00;$1.950.000,00
;;2438181;COMANDO IZQUIERDO CB 110;$16.500,00;234,00;No;-;-;-;COMANDO IZQUIERDO;-;$8.649,00;0,00;0,00;No;$0,00;No;-;Si;-;-;Si;-;$2.023.866,00;$3.861.000,00
;;2438186;COMANDO IZQUIERDO ECO DELUXE;$17.500,00;289,00;No;-;-;-;COMANDO IZQUIERDO;-;$8.376,00;0,00;0,00;No;$0,00;No;-;Si;-;-;Si;-;$2.420.664,00;$5.057.500,00
;;2438188;COMANDO IZQUIERDO TVS 100;$27.000,00;174,00;No;-;-;-;COMANDO IZQUIERDO;-;$14.097,00;0,00;0,00;No;$0,00;No;-;Si;-;-;Si;-;$2.452.878,00;$4.698.000,00
;;1767791;DIRECCIONALES AKT NKD 125;$6.000,00;351,00;No;-;-;-;DIRECCIONALES;AKT;$2.985,00;0,00;0,00;No;$0,00;No;-;Si;-;-;Si;-;$1.047.735,00;$2.106.000,00
;;1767792;DIRECCIONALES BOXER CT;$5.000,00;0,00;No;-;-;-;DIRECCIONALES;AUTECO;$2.544,00;0,00;0,00;No;$0,00;No;-;Si;-;-;Si;-;$0,00;$0,00
;;1767789;DIRECCIONALES CB 110 / XR 150;$6.000,00;1.074,00;No;-;-;-;DIRECCIONALES;HONDA;$3.196,00;0,00;0,00;No;$0,00;No;-;Si;-;-;Si;-;$3.432.504,00;$6.444.000,00
;;2438154;DIRECCIONALES CBF 150;$6.500,00;410,00;No;-;-;-;DIRECCIONALES;-;$3.196,00;0,00;0,00;No;$0,00;No;-;Si;-;-;Si;-;$1.310.360,00;$2.665.000,00
;;1767793;DIRECCIONALES DISCOVER 125 ST;$6.500,00;8,00;No;-;-;-;DIRECCIONALES;AUTECO;$3.460,00;0,00;0,00;No;$0,00;No;-;Si;-;-;Si;-;$27.680,00;$52.000,00
;;2438136;DIRECCIONALES SPLENDOR NXG;$6.000,00;5.586,00;No;-;-;-;DIRECCIONALES;-;$3.268,00;0,00;0,00;No;$0,00;No;-;Si;-;-;Si;-;$18.255.048,00;$33.516.000,00
;;2438132;DIRECCIONALES TVS 100;$6.500,00;728,00;No;-;-;-;DIRECCIONALES;-;$3.686,00;0,00;0,00;No;$0,00;No;-;Si;-;-;Si;-;$2.683.408,00;$4.732.000,00
;;1767790;DIRECCIONALES XTZ 125 /FZ 16;$6.000,00;990,00;No;-;-;-;DIRECCIONALES;YAMAHA;$2.784,00;0,00;0,00;No;$0,00;No;-;Si;-;-;Si;-;$2.756.160,00;$5.940.000,00
;;2438407;DISCO CLUTCH AKT 110;$8.000,00;262,00;No;-;-;-;DISCO CLUTCH;-;$3.686,00;0,00;0,00;No;$0,00;No;-;Si;-;-;Si;-;$965.732,00;$2.096.000,00
;;2438404;DISCO CLUTCH BEST 125;$8.000,00;259,00;No;-;-;-;DISCO CLUTCH;-;$3.825,00;0,00;0,00;No;$0,00;No;-;Si;-;-;Si;-;$990.675,00;$2.072.000,00
;;2438401;DISCO CLUTCH BOXER CT 100;$8.000,00;280,00;No;-;-;-;DISCO CLUTCH;-;$3.686,00;0,00;0,00;No;$0,00;No;-;Si;-;-;Si;-;$1.032.080,00;$2.240.000,00
;;2438400;DISCO CLUTCH CB 110;$8.000,00;265,00;No;-;-;-;DISCO CLUTCH;-;$3.614,00;0,00;0,00;No;$0,00;No;-;Si;-;-;Si;-;$957.710,00;$2.120.000,00
;;2438398;DISCO CLUTCH ECO DELUXE;$8.000,00;1.554,00;No;-;-;-;DISCO CLUTCH;-;$3.686,00;0,00;0,00;No;$0,00;No;-;Si;-;-;Si;-;$5.728.044,00;$12.432.000,00
;;2438411;DISCO CLUTCH FZ 16;$9.000,00;247,00;No;-;-;-;DISCO CLUTCH;-;$4.449,00;0,00;0,00;No;$0,00;No;-;Si;-;-;Si;-;$1.098.903,00;$2.223.000,00
;;2438410;DISCO CLUTCH GN 125;$9.000,00;262,00;No;-;-;-;DISCO CLUTCH;-;$4.171,00;0,00;0,00;No;$0,00;No;-;Si;-;-;Si;-;$1.092.802,00;$2.358.000,00
;;2438406;DISCO CLUTCH PULSAR 135;$8.000,00;243,00;No;-;-;-;DISCO CLUTCH;-;$3.825,00;0,00;0,00;No;$0,00;No;-;Si;-;-;Si;-;$929.475,00;$1.944.000,00
;;2438268;DISCO DE FRENO AKT TTR 125;$45.000,00;76,00;No;-;-;-;DISCO FRENO DELANTERO;-;$23.006,00;0,00;0,00;No;$0,00;No;-;Si;-;-;Si;-;$1.748.456,00;$3.420.000,00
;;2438269;DISCO DE FRENO ANK NKD 125 DISCO FRENO;$44.000,00;161,00;No;-;-;-;DISCO FRENO DELANTERO;-;$17.443,00;0,00;0,00;No;$0,00;No;-;Si;-;-;Si;-;$2.808.323,00;$7.084.000,00
;;1767794;DISCO DE FRENO CBF 150 /INVICTA 150/ THRILLER/IGNITOR DELANTERO;$35.000,00;122,00;No;-;-;-;DISCO FRENO DELANTERO;HONDA;$20.675,00;0,00;0,00;No;$0,00;No;-;Si;-;-;Si;-;$2.522.350,00;$4.270.000,00
;;1767795;DISCO DE FRENO DISCOVER 125ST DELANTERO;$35.000,00;78,00;No;-;-;-;DISCO FRENO DELANTERO;AUTECO;$20.675,00;0,00;0,00;No;$0,00;No;-;Si;-;-;Si;-;$1.612.650,00;$2.730.000,00
;;2438265;DISCO DE FRENO DR 150 DISCO FRENO;$45.000,00;119,00;No;-;-;-;DISCO FRENO DELANTERO;-;$17.443,00;0,00;0,00;No;$0,00;No;-;Si;-;-;Si;-;$2.075.717,00;$5.355.000,00
;;2438276;DISCO DE FRENO PULSAR 200NS DISCO FRENO DELANTERO;$46.000,00;81,00;No;-;-;-;DISCO FRENO DELANTERO;-;$24.340,00;0,00;0,00;No;$0,00;No;-;Si;-;-;Si;-;$1.971.540,00;$3.726.000,00
;;2438286;DISCO DE FRENO PULSAR 200NS DISCO FRENO TRASERO;$36.000,00;72,00;No;-;-;-;DISCO FRENO TRASERO;-;$15.993,00;0,00;0,00;No;$0,00;No;-;Si;-;-;Si;-;$1.151.496,00;$2.592.000,00
;;1767796;DISCO DE FRENO TRASERO INVICTA 150 /XPULSE200/THRILLER150/HUNK 160 TRASERO;$33.000,00;115,00;No;-;-;-;DISCO FRENO TRASERO;HONDA;$17.995,00;0,00;0,00;No;$0,00;No;-;Si;-;-;Si;-;$2.069.425,00;$3.795.000,00
;;2438271;DISCO DE FRENO XTZ 125 DISCO FRENO;$34.000,00;71,00;No;-;-;-;DISCO FRENO DELANTERO;-;$15.355,00;0,00;0,00;No;$0,00;No;-;Si;-;-;Si;-;$1.090.205,00;$2.414.000,00
;;2438442;EJE TRASERO BOXER CT;$5.000,00;46,00;No;-;-;-;EJE TRASERO;-;$1.953,00;0,00;0,00;No;$0,00;No;-;Si;-;-;Si;-;$89.838,00;$230.000,00
;;2438432;EJE TRASERO CB 110;$6.000,00;153,00;No;-;-;-;EJE TRASERO;-;$2.337,00;0,00;0,00;No;$0,00;No;-;Si;-;-;Si;-;$357.561,00;$918.000,00
;;2438435;EJE TRASERO DISCOVER 100;$6.500,00;187,00;No;-;-;-;EJE TRASERO;-;$2.438,00;0,00;0,00;No;$0,00;No;-;Si;-;-;Si;-;$455.906,00;$1.215.500,00
;;2438448;EJE TRASERO DR 150;$8.000,00;184,00;No;-;-;-;EJE TRASERO;-;$2.649,00;0,00;0,00;No;$0,00;No;-;Si;-;-;Si;-;$487.416,00;$1.472.000,00
;;2438440;EJE TRASERO ECO DELUXE;$5.000,00;85,00;No;-;-;-;EJE TRASERO;-;$2.059,00;0,00;0,00;No;$0,00;No;-;Si;-;-;Si;-;$175.015,00;$425.000,00
;;2438437;EJE TRASERO NEO 100;$6.500,00;102,00;No;-;-;-;EJE TRASERO;-;$2.649,00;0,00;0,00;No;$0,00;No;-;Si;-;-;Si;-;$270.198,00;$663.000,00
;;2438451;EJE TRASERO XR 150;$8.000,00;183,00;No;-;-;-;EJE TRASERO;-;$4.180,00;0,00;0,00;No;$0,00;No;-;Si;-;-;Si;-;$764.940,00;$1.464.000,00
;;2438446;EJE TRASERO XTZ 125;$8.500,00;136,00;No;-;-;-;EJE TRASERO;-;$3.134,00;0,00;0,00;No;$0,00;No;-;Si;-;-;Si;-;$426.224,00;$1.156.000,00
;;1767802;ESPEJOS AKT EVO / CB 110;$8.500,00;825,00;No;-;-;-;ESPEJOS;AKT HONDA;$4.406,00;0,00;0,00;No;$0,00;No;-;Si;-;-;Si;-;$3.634.950,00;$7.012.500,00
;;2438301;ESPEJOS DISCOVER 125 ST;$12.500,00;376,00;No;-;-;-;ESPEJOS;-;$6.604,00;0,00;0,00;No;$0,00;No;-;Si;-;-;Si;-;$2.483.104,00;$4.700.000,00
;;1767803;ESPEJOS ECO DELUXE;$8.500,00;753,00;No;-;-;-;ESPEJOS;AUTECO;$4.406,00;0,00;0,00;No;$0,00;No;-;Si;-;-;Si;-;$3.317.718,00;$6.400.500,00
;;2438306;ESPEJOS VIVAR 115;$11.000,00;297,00;No;-;-;-;ESPEJOS;-;$5.424,00;0,00;0,00;No;$0,00;No;-;Si;-;-;Si;-;$1.610.928,00;$3.267.000,00
;;2438302;ESPEJOS XR 150;$10.500,00;331,00;No;-;-;-;ESPEJOS;-;$4.521,00;0,00;0,00;No;$0,00;No;-;Si;-;-;Si;-;$1.496.451,00;$3.475.500,00
;;2438304;ESPEJOS XTZ 125;$10.500,00;317,00;No;-;-;-;ESPEJOS;-;$4.867,00;0,00;0,00;No;$0,00;No;-;Si;-;-;Si;-;$1.542.839,00;$3.328.500,00
;;2438209;FLASHER 12V;$2.600,00;2.466,00;No;-;-;-;FLASHER;-;$1.358,00;0,00;0,00;No;$0,00;No;-;Si;-;-;Si;-;$3.348.828,00;$6.411.600,00
;;1767817;GUAYAS ACELERADOR AKT 125 NKD;$5.000,00;0,00;No;-;-;-;GUAYAS ACELERADOR;AKT;$2.125,00;0,00;0,00;No;$0,00;No;-;Si;-;-;Si;-;$0,00;$0,00
;;1767821;GUAYAS ACELERADOR BOXER CT DOBLE;$7.000,00;0,00;No;-;-;-;GUAYAS ACELERADOR;AUTECO;$3.741,00;0,00;0,00;No;$0,00;No;-;Si;-;-;Si;-;$0,00;$0,00
;;2438236;GUAYAS ACELERADOR BWS 125 GUAYA ACELERADOR;$15.000,00;254,00;No;-;-;-;GUAYAS ACELERADOR;-;$6.691,00;0,00;0,00;No;$0,00;No;-;Si;-;-;Si;-;$1.699.514,00;$3.810.000,00
;;1767816;GUAYAS ACELERADOR CB 110;$6.500,00;0,00;No;-;-;-;GUAYAS ACELERADOR;HONDA;$3.625,00;0,00;0,00;No;$0,00;No;-;Si;-;-;Si;-;$0,00;$0,00
;;2438225;GUAYAS ACELERADOR CB 125F GUAYA ACELERADOR;$7.000,00;303,00;No;-;-;-;GUAYAS ACELERADOR;-;$3.211,00;0,00;0,00;No;$0,00;No;-;Si;-;-;Si;-;$972.933,00;$2.121.000,00
;;1767822;GUAYAS ACELERADOR DISCOVER 125ST;$5.000,00;37,00;No;-;-;-;GUAYAS ACELERADOR;AUTECO;$2.777,00;0,00;0,00;No;$0,00;No;-;Si;-;-;Si;-;$102.749,00;$185.000,00
;;2438233;GUAYAS ACELERADOR DR 150 GUAYA ACELERADOR;$7.000,00;157,00;No;-;-;-;GUAYAS ACELERADOR;-;$2.582,00;0,00;0,00;No;$0,00;No;-;Si;-;-;Si;-;$405.374,00;$1.099.000,00
;;1767819;GUAYAS ACELERADOR ECO 100 / DELUXE /NXG;$5.000,00;327,00;No;-;-;-;GUAYAS ACELERADOR;AUTECO;$1.939,00;0,00;0,00;No;$0,00;No;-;Si;-;-;Si;-;$634.053,00;$1.635.000,00
;;2438229;GUAYAS ACELERADOR FZ 16 GUAYA ACELERADOR;$6.000,00;173,00;No;-;-;-;GUAYAS ACELERADOR;-;$2.558,00;0,00;0,00;No;$0,00;No;-;Si;-;-;Si;-;$442.534,00;$1.038.000,00
;;2438227;GUAYAS ACELERADOR INVICTA GUAYA ACELERADOR;$7.000,00;246,00;No;-;-;-;GUAYAS ACELERADOR;-;$2.174,00;0,00;0,00;No;$0,00;No;-;Si;-;-;Si;-;$534.804,00;$1.722.000,00
;;1767820;GUAYAS ACELERADOR XR 150;$6.000,00;283,00;No;-;-;-;GUAYAS ACELERADOR;YAMAHA;$1.776,00;0,00;0,00;No;$0,00;No;-;Si;-;-;Si;-;$502.608,00;$1.698.000,00
;;1767818;GUAYAS ACELERADOR XTZ 125 DOBLE;$8.500,00;480,00;No;-;-;-;GUAYAS ACELERADOR;YAMAHA;$4.392,00;0,00;0,00;No;$0,00;No;-;Si;-;-;Si;-;$2.108.160,00;$4.080.000,00
;;1767809;GUAYAS CLUCTH AKT 125 NKD;$4.500,00;0,00;No;-;-;-;GUAYAS CLUCTH;AKT;$2.559,00;0,00;0,00;No;$0,00;No;-;Si;-;-;Si;-;$0,00;$0,00
;;2438257;GUAYAS CLUCTH AKT EVO 125 GUAYA CLUTCH;$7.000,00;234,00;No;-;-;-;GUAYAS CLUCTH;-;$2.496,00;0,00;0,00;No;$0,00;No;-;Si;-;-;Si;-;$584.064,00;$1.638.000,00
;;2438254;GUAYAS CLUCTH AKT TTR GUAYA CLUTCH;$7.000,00;222,00;No;-;-;-;GUAYAS CLUCTH;-;$2.275,00;0,00;0,00;No;$0,00;No;-;Si;-;-;Si;-;$505.050,00;$1.554.000,00
;;1767805;GUAYAS CLUCTH BOXER CT / PLATINO 100;$5.000,00;159,00;No;-;-;-;GUAYAS CLUCTH;AUTECO;$2.814,00;0,00;0,00;No;$0,00;No;-;Si;-;-;Si;-;$447.426,00;$795.000,00
;;1767807;GUAYAS CLUCTH CB 110;$6.000,00;534,00;No;-;-;-;GUAYAS CLUCTH;HONDA;$2.179,00;0,00;0,00;No;$0,00;No;-;Si;-;-;Si;-;$1.163.586,00;$3.204.000,00
;;1767812;GUAYAS CLUCTH CB 125F;$6.000,00;272,00;No;-;-;-;GUAYAS CLUCTH;HONDA;$2.193,00;0,00;0,00;No;$0,00;No;-;Si;-;-;Si;-;$596.496,00;$1.632.000,00
;;1767810;GUAYAS CLUCTH CBF 150;$5.500,00;33,00;No;-;-;-;GUAYAS CLUCTH;HONDA;$2.862,00;0,00;0,00;No;$0,00;No;-;Si;-;-;Si;-;$94.446,00;$181.500,00
;;1767808;GUAYAS CLUCTH DISCOVER 125 ST;$6.000,00;539,00;No;-;-;-;GUAYAS CLUCTH;AUTECO;$2.856,00;0,00;0,00;No;$0,00;No;-;Si;-;-;Si;-;$1.539.384,00;$3.234.000,00
;;1767804;GUAYAS CLUCTH ECO DELUXE;$6.000,00;102,00;No;-;-;-;GUAYAS CLUCTH;AUTECO;$2.352,00;0,00;0,00;No;$0,00;No;-;Si;-;-;Si;-;$239.904,00;$612.000,00
;;1767811;GUAYAS CLUCTH XR 150;$6.000,00;243,00;No;-;-;-;GUAYAS CLUCTH;YAMAHA;$2.232,00;0,00;0,00;No;$0,00;No;-;Si;-;-;Si;-;$542.376,00;$1.458.000,00
;;1767806;GUAYAS CLUCTH XTZ 125 M/N;$7.000,00;600,00;No;-;-;-;GUAYAS CLUCTH;YAMAHA;$3.124,00;0,00;0,00;No;$0,00;No;-;Si;-;-;Si;-;$1.874.400,00;$4.200.000,00
;;1767814;GUAYAS FRENO BOXER CT;$5.500,00;150,00;No;-;-;-;GUAYAS FRENO;AUTECO;$2.809,00;0,00;0,00;No;$0,00;No;-;Si;-;-;Si;-;$421.350,00;$825.000,00
;;2438510;GUAYAS FRENO BWS 125 GUAYA DE FRENO TRASERO;$9.500,00;251,00;No;-;-;-;GUAYAS FRENO;-;$4.512,00;0,00;0,00;No;$0,00;No;-;Si;-;-;Si;-;$1.132.512,00;$2.384.500,00
;;1767815;GUAYAS FRENO CB 110;$5.500,00;229,00;No;-;-;-;GUAYAS FRENO;HONDA;$2.803,00;0,00;0,00;No;$0,00;No;-;Si;-;-;Si;-;$641.887,00;$1.259.500,00
;;1767813;GUAYAS FRENO HONDA ECO DELUXE;$5.500,00;0,00;No;-;-;-;GUAYAS FRENO;HONDA;$3.026,00;0,00;0,00;No;$0,00;No;-;Si;-;-;Si;-;$0,00;$0,00
;;1767866;KIT ARRASTRE AKT 110S / WAVE 100;$35.000,00;731,00;No;-;-;-;KIT ARRASTRE;AK;$19.345,00;0,00;0,00;No;$0,00;No;-;Si;-;-;Si;-;$14.141.195,00;$25.585.000,00
;;1767854;KIT ARRASTRE AKT 125 NKD;$36.000,00;497,00;No;-;-;-;KIT ARRASTRE;AKT;$20.882,00;0,00;0,00;No;$0,00;No;-;Si;-;-;Si;-;$10.378.354,00;$17.892.000,00
;;1767861;KIT ARRASTRE AKT TTR 125 / 150;$62.000,00;361,00;No;-;-;-;KIT ARRASTRE;AKT;$34.593,00;0,00;0,00;No;$0,00;No;-;Si;-;-;Si;-;$12.488.073,00;$22.382.000,00
;;2680496;KIT ARRASTRE AKT TTR 200(520H);$58.000,00;295,00;No;-;-;-;KIT ARRASTRE;-;$0,00;0,00;0,00;No;$0,00;No;-;Si;-;-;Si;-;$0,00;$17.110.000,00
;;2680478;KIT ARRASTRE APACHE RTR 200(520H);$65.000,00;292,00;No;-;-;-;KIT ARRASTRE;-;$0,00;0,00;0,00;No;$0,00;No;-;Si;-;-;Si;-;$0,00;$18.980.000,00
;;1767853;KIT ARRASTRE BOXER CT / PLATINO;$39.000,00;194,00;No;-;-;-;KIT ARRASTRE;AUTECO;$21.995,00;0,00;0,00;No;$0,00;No;-;Si;-;-;Si;-;$4.267.030,00;$7.566.000,00
;;1767858;KIT ARRASTRE CB 110 / NEO;$38.000,00;490,00;No;-;-;-;KIT ARRASTRE;HONDA;$22.864,00;0,00;0,00;No;$0,00;No;-;Si;-;-;Si;-;$11.203.360,00;$18.620.000,00
;;1767857;KIT ARRASTRE CB 125F;$43.000,00;207,00;No;-;-;-;KIT ARRASTRE;HONDA;$23.779,00;0,00;0,00;No;$0,00;No;-;Si;-;-;Si;-;$4.922.253,00;$8.901.000,00
;;2680417;KIT ARRASTRE CB 160F;$46.000,00;476,00;No;-;-;-;KIT ARRASTRE;-;$0,00;0,00;0,00;No;$0,00;No;-;Si;-;-;Si;-;$0,00;$21.896.000,00
;;1767859;KIT ARRASTRE CBF 150 / THRILLER;$45.000,00;247,00;No;-;-;-;KIT ARRASTRE;HONDA;$23.971,00;0,00;0,00;No;$0,00;No;-;Si;-;-;Si;-;$5.920.837,00;$11.115.000,00
;;1767855;KIT ARRASTRE CRIPTON T115 FI;$39.000,00;578,00;No;-;-;-;KIT ARRASTRE;YAMAHA;$20.913,00;0,00;0,00;No;$0,00;No;-;Si;-;-;Si;-;$12.087.714,00;$22.542.000,00
;;1767862;KIT ARRASTRE DISCOVER 125 ST;$43.000,00;155,00;No;-;-;-;KIT ARRASTRE;AUTECO;$23.420,00;0,00;0,00;No;$0,00;No;-;Si;-;-;Si;-;$3.630.100,00;$6.665.000,00
;;1767856;KIT ARRASTRE ECO DELUXE;$41.000,00;0,00;No;-;-;-;KIT ARRASTRE;AUTECO;$22.000,00;0,00;0,00;No;$0,00;No;-;Si;-;-;Si;-;$0,00;$0,00
;;2680474;KIT ARRASTRE GIXXER 250(520H);$65.000,00;292,00;No;-;-;-;KIT ARRASTRE;-;$0,00;0,00;0,00;No;$0,00;No;-;Si;-;-;Si;-;$0,00;$18.980.000,00
;;2680473;KIT ARRASTRE MRX 150(CONCAVO);$45.000,00;485,00;No;-;-;-;KIT ARRASTRE;-;$0,00;0,00;0,00;No;$0,00;No;-;Si;-;-;Si;-;$0,00;$21.825.000,00
;;2680460;KIT ARRASTRE PULSAR 200NS(520H);$57.000,00;288,00;No;-;-;-;KIT ARRASTRE;-;$0,00;0,00;0,00;No;$0,00;No;-;Si;-;-;Si;-;$0,00;$16.416.000,00
;;1767863;KIT ARRASTRE SUZUKI DR 150;$45.000,00;894,00;No;-;-;-;KIT ARRASTRE;SUZUKI;$24.666,00;0,00;0,00;No;$0,00;No;-;Si;-;-;Si;-;$22.051.404,00;$40.230.000,00
;;2680465;KIT ARRASTRE TVS 100;$40.000,00;483,00;No;-;-;-;KIT ARRASTRE;-;$0,00;0,00;0,00;No;$0,00;No;-;Si;-;-;Si;-;$0,00;$19.320.000,00
;;2680469;KIT ARRASTRE TVS NEO 110NX;$42.000,00;476,00;No;-;-;-;KIT ARRASTRE;-;$0,00;0,00;0,00;No;$0,00;No;-;Si;-;-;Si;-;$0,00;$19.992.000,00
;;2680468;KIT ARRASTRE TVS RAIDER 125;$44.000,00;460,00;No;-;-;-;KIT ARRASTRE;-;$0,00;0,00;0,00;No;$0,00;No;-;Si;-;-;Si;-;$0,00;$20.240.000,00
;;1767860;KIT ARRASTRE VIVA R 115 / BEST;$36.000,00;500,00;No;-;-;-;KIT ARRASTRE;SUZUKI;$19.270,00;0,00;0,00;No;$0,00;No;-;Si;-;-;Si;-;$9.635.000,00;$18.000.000,00
;;1767867;KIT ARRASTRE WAVE II / WAVE 110;$36.000,00;692,00;No;-;-;-;KIT ARRASTRE;HONDA;$20.807,00;0,00;0,00;No;$0,00;No;-;Si;-;-;Si;-;$14.398.444,00;$24.912.000,00
;;1767865;KIT ARRASTRE XR 150 / BROSS 125;$45.000,00;720,00;No;-;-;-;KIT ARRASTRE;YAMAHA;$25.805,00;0,00;0,00;No;$0,00;No;-;Si;-;-;Si;-;$18.579.600,00;$32.400.000,00
;;1767864;KIT ARRASTRE XTZ 125 M/N;$45.000,00;793,00;No;-;-;-;KIT ARRASTRE;YAMAHA;$24.523,00;0,00;0,00;No;$0,00;No;-;Si;-;-;Si;-;$19.446.739,00;$35.685.000,00
;;2680448;KIT ARRASTRE XTZ-150;$45.000,00;482,00;No;-;-;-;KIT ARRASTRE;-;$0,00;0,00;0,00;No;$0,00;No;-;Si;-;-;Si;-;$0,00;$21.690.000,00
;;2680454;KIT ARRASTRE YBR 125/LIBERO 125;$40.000,00;289,00;No;-;-;-;KIT ARRASTRE;-;$0,00;0,00;0,00;No;$0,00;No;-;Si;-;-;Si;-;$0,00;$11.560.000,00
;;1767830;KIT CADENILLA CB 110 / NEO 110;$14.000,00;1.145,00;No;-;-;-;KIT CADENILLA;HONDA;$6.345,00;0,00;0,00;No;$0,00;No;-;Si;-;-;Si;-;$7.265.025,00;$16.030.000,00
;;1767831;KIT CADENILLA CB 125F;$15.000,00;1.001,00;No;-;-;-;KIT CADENILLA;HONDA;$7.785,00;0,00;0,00;No;$0,00;No;-;Si;-;-;Si;-;$7.792.785,00;$15.015.000,00
;;1767829;KIT CADENILLA ECO 100 / ECO DELUXE / AKT 110 / WAVE;$14.000,00;560,00;No;-;-;-;KIT CADENILLA;AUTECO;$5.587,00;0,00;0,00;No;$0,00;No;-;Si;-;-;Si;-;$3.128.720,00;$7.840.000,00
;;2438422;KIT CILINDRO AKT TTR 150;$75.000,00;64,00;No;-;-;-;KIT CILINDRO;-;$38.947,00;0,00;0,00;No;$0,00;No;-;Si;-;-;Si;-;$2.492.608,00;$4.800.000,00
;;2438417;KIT CILINDRO CB 110;$75.000,00;311,00;No;-;-;-;KIT CILINDRO;-;$36.859,00;0,00;0,00;No;$0,00;No;-;Si;-;-;Si;-;$11.463.149,00;$23.325.000,00
;;2438424;KIT CILINDRO CB 125F;$88.000,00;164,00;No;-;-;-;KIT CILINDRO;-;$39.696,00;0,00;0,00;No;$0,00;No;-;Si;-;-;Si;-;$6.510.144,00;$14.432.000,00
;;2438419;KIT CILINDRO CBF 150;$88.000,00;79,00;No;-;-;-;KIT CILINDRO;-;$42.772,00;0,00;0,00;No;$0,00;No;-;Si;-;-;Si;-;$3.378.988,00;$6.952.000,00
;;2438413;KIT CILINDRO ECO DELUXE;$58.000,00;183,00;No;-;-;-;KIT CILINDRO;-;$29.208,00;0,00;0,00;No;$0,00;No;-;Si;-;-;Si;-;$5.345.064,00;$10.614.000,00
;;2438431;KIT CILINDRO XR 150;$88.000,00;95,00;No;-;-;-;KIT CILINDRO;-;$42.422,00;0,00;0,00;No;$0,00;No;-;Si;-;-;Si;-;$4.030.090,00;$8.360.000,00
;;2438427;KIT CILINDRO XTZ 125;$88.000,00;84,00;No;-;-;-;KIT CILINDRO;-;$41.380,00;0,00;0,00;No;$0,00;No;-;Si;-;-;Si;-;$3.475.920,00;$7.392.000,00
;;1767834;KIT CUNAS DIRECCION AKT 125 NKD/CB 125F /ECO 100;$8.000,00;69,00;No;-;-;-;KIT CUNAS DIRECCION;AKT;$4.128,00;0,00;0,00;No;$0,00;No;-;Si;-;-;Si;-;$284.832,00;$552.000,00
;;1767835;KIT CUNAS DIRECCION BOXER CT / PALTINO 100 / PULSAR 135-180;$8.000,00;127,00;No;-;-;-;KIT CUNAS DIRECCION;AUTECO;$4.685,00;0,00;0,00;No;$0,00;No;-;Si;-;-;Si;-;$594.995,00;$1.016.000,00
;;1767836;KIT CUNAS DIRECCION DISCOVER 125 ST-150;$9.500,00;137,00;No;-;-;-;KIT CUNAS DIRECCION;AUTECO;$4.685,00;0,00;0,00;No;$0,00;No;-;Si;-;-;Si;-;$641.845,00;$1.301.500,00
;;1767832;KIT CUNAS DIRECCION DR 150;$11.500,00;410,00;No;-;-;-;KIT CUNAS DIRECCION;SUZUKI;$6.116,00;0,00;0,00;No;$0,00;No;-;Si;-;-;Si;-;$2.507.560,00;$4.715.000,00
;;2438395;KIT CUNAS DIRECCION ECO DELUXE CUNA DIRECCION;$8.500,00;1.368,00;No;-;-;-;KIT CUNAS DIRECCION;-;$4.032,00;0,00;0,00;No;$0,00;No;-;Si;-;-;Si;-;$5.515.776,00;$11.628.000,00
;;1767837;KIT CUNAS DIRECCION XR 150;$11.000,00;94,00;No;-;-;-;KIT CUNAS DIRECCION;YAMAHA;$4.685,00;0,00;0,00;No;$0,00;No;-;Si;-;-;Si;-;$440.390,00;$1.034.000,00
;;1767833;KIT CUNAS DIRECCION XTZ 125 M/N;$10.500,00;69,00;No;-;-;-;KIT CUNAS DIRECCION;YAMAHA;$5.277,00;0,00;0,00;No;$0,00;No;-;Si;-;-;Si;-;$364.113,00;$724.500,00
;;2438514;MALLA SILLIN XL;$9.000,00;1.838,00;No;-;-;-;MALLA SILLIN;-;$4.171,00;0,00;0,00;No;$0,00;No;-;Si;-;-;Si;-;$7.666.298,00;$16.542.000,00
;;2438516;MALLA SILLIN XXL;$11.000,00;491,00;No;-;-;-;MALLA SILLIN;-;$4.315,00;0,00;0,00;No;$0,00;No;-;Si;-;-;Si;-;$2.118.665,00;$5.401.000,00
;;2438518;MALLA SILLIN XXXL;$13.000,00;482,00;No;-;-;-;MALLA SILLIN;-;$4.454,00;0,00;0,00;No;$0,00;No;-;Si;-;-;Si;-;$2.146.828,00;$6.266.000,00
;;2680564;MANGO COPA AZUL;$16.000,00;134,00;No;-;-;-;MANGO COPA;-;$0,00;0,00;0,00;No;$0,00;No;-;Si;-;-;Si;-;$0,00;$2.144.000,00
;;2680569;MANGO COPA CROMADO;$16.000,00;160,00;No;-;-;-;MANGO COPA;-;$0,00;0,00;0,00;No;$0,00;No;-;Si;-;-;Si;-;$0,00;$2.560.000,00
;;2680574;MANGO COPA MORADO;$16.000,00;129,00;No;-;-;-;MANGO COPA;-;$0,00;0,00;0,00;No;$0,00;No;-;Si;-;-;Si;-;$0,00;$2.064.000,00
;;2680571;MANGO COPA NEGRO;$16.000,00;143,00;No;-;-;-;MANGO COPA;-;$0,00;0,00;0,00;No;$0,00;No;-;Si;-;-;Si;-;$0,00;$2.288.000,00
;;2680560;MANGO COPA ROJO;$16.000,00;116,00;No;-;-;-;MANGO COPA;-;$0,00;0,00;0,00;No;$0,00;No;-;Si;-;-;Si;-;$0,00;$1.856.000,00
;;2680582;MANGO MOXI TOPE AZUL;$13.000,00;139,00;No;-;-;-;MANGO MOXI TOPE;-;$0,00;0,00;0,00;No;$0,00;No;-;Si;-;-;Si;-;$0,00;$1.807.000,00
;;2680585;MANGO MOXI TOPE CROMADO;$13.000,00;126,00;No;-;-;-;MANGO MOXI TOPE;-;$0,00;0,00;0,00;No;$0,00;No;-;Si;-;-;Si;-;$0,00;$1.638.000,00
;;2680577;MANGO MOXI TOPE MORADO;$13.000,00;130,00;No;-;-;-;MANGO MOXI TOPE;-;$0,00;0,00;0,00;No;$0,00;No;-;Si;-;-;Si;-;$0,00;$1.690.000,00
;;2680581;MANGO MOXI TOPE NEGRO;$13.000,00;140,00;No;-;-;-;MANGO MOXI TOPE;-;$0,00;0,00;0,00;No;$0,00;No;-;Si;-;-;Si;-;$0,00;$1.820.000,00
;;2680584;MANGO MOXI TOPE ROJO;$13.000,00;118,00;No;-;-;-;MANGO MOXI TOPE;-;$0,00;0,00;0,00;No;$0,00;No;-;Si;-;-;Si;-;$0,00;$1.534.000,00
;;2438388;MANIGUETAS CLUTCH DISCOVER ST;$4.500,00;318,00;No;-;-;-;MANIGUETA CLUTCH;-;$1.828,00;0,00;0,00;No;$0,00;No;-;Si;-;-;Si;-;$581.304,00;$1.431.000,00
;;1767785;MANIGUETAS CLUTCH DR 150;$4.500,00;82,00;No;-;-;-;MANIGUETA CLUTCH;SUZUKI;$2.035,00;0,00;0,00;No;$0,00;No;-;Si;-;-;Si;-;$166.870,00;$369.000,00
;;2438387;MANIGUETAS CLUTCH ECO DELUXE;$3.800,00;10,00;No;-;-;-;MANIGUETA CLUTCH;-;$1.161,00;0,00;0,00;No;$0,00;No;-;Si;-;-;Si;-;$11.610,00;$38.000,00
;;1767787;MANIGUETAS CLUTCH XTZ 125;$4.500,00;3,00;No;-;-;-;MANIGUETA CLUTCH;YAMAHA;$2.241,00;0,00;0,00;No;$0,00;No;-;Si;-;-;Si;-;$6.723,00;$13.500,00
;;2438393;MANIGUETAS FRENO DR 150;$4.500,00;335,00;No;-;-;-;MANIGUETA FRENO;-;$2.035,00;0,00;0,00;No;$0,00;No;-;Si;-;-;Si;-;$681.725,00;$1.507.500,00
;;2438394;MANIGUETAS FRENO XTZ 125;$4.500,00;500,00;No;-;-;-;MANIGUETA FRENO;-;$1.900,00;0,00;0,00;No;$0,00;No;-;Si;-;-;Si;-;$950.000,00;$2.250.000,00
;;2438107;MORDAZA FRENO DISCO AKT 110S;$38.000,00;158,00;No;-;-;-;MORDAZA FRENO DISCO;-;$16.689,00;0,00;0,00;No;$0,00;No;-;Si;-;-;Si;-;$2.636.862,00;$6.004.000,00
;;2438105;MORDAZA FRENO DISCO AKT NKD 125;$38.000,00;426,00;No;-;-;-;MORDAZA FRENO DISCO;-;$16.689,00;0,00;0,00;No;$0,00;No;-;Si;-;-;Si;-;$7.109.514,00;$16.188.000,00
;;2438098;MORDAZA FRENO DISCO Discover 125 ST;$48.000,00;408,00;No;-;-;-;MORDAZA FRENO DISCO;-;$19.473,00;0,00;0,00;No;$0,00;No;-;Si;-;-;Si;-;$7.944.984,00;$19.584.000,00
;;2438316;PASTILLA DE FRENO AKT 110 DELANTERO;$5.000,00;1.979,00;No;-;-;-;PASTILLA FRENO DELANTERO;-;$2.433,00;0,00;0,00;No;$0,00;No;-;Si;-;-;Si;-;$4.814.907,00;$9.895.000,00
;;2438324;PASTILLA DE FRENO AKT 125 FLEX DELANTERO;$5.000,00;316,00;No;-;-;-;PASTILLA FRENO DELANTERO;-;$2.572,00;0,00;0,00;No;$0,00;No;-;Si;-;-;Si;-;$812.752,00;$1.580.000,00
;;2438347;PASTILLA DE FRENO APACHE 180 TRASERO;$6.000,00;187,00;No;-;-;-;PASTILLA FRENO TRASERO;-;$2.572,00;0,00;0,00;No;$0,00;No;-;Si;-;-;Si;-;$480.964,00;$1.122.000,00
;;2438335;PASTILLA DE FRENO BEST 125 DELANTERO;$5.000,00;301,00;No;-;-;-;PASTILLA FRENO DELANTERO;-;$2.433,00;0,00;0,00;No;$0,00;No;-;Si;-;-;Si;-;$732.333,00;$1.505.000,00
;;2438319;PASTILLA DE FRENO CB 125F DELANTERO;$5.000,00;394,00;No;-;-;-;PASTILLA FRENO DELANTERO;-;$2.572,00;0,00;0,00;No;$0,00;No;-;Si;-;-;Si;-;$1.013.368,00;$1.970.000,00
;;2438334;PASTILLA DE FRENO CBF 150 DELANTERO;$5.000,00;210,00;No;-;-;-;PASTILLA FRENO DELANTERO;-;$2.505,00;0,00;0,00;No;$0,00;No;-;Si;-;-;Si;-;$526.050,00;$1.050.000,00
;;2438321;PASTILLA DE FRENO CRYPTON T115 FI DELANTERO;$5.000,00;404,00;No;-;-;-;PASTILLA FRENO DELANTERO;-;$2.572,00;0,00;0,00;No;$0,00;No;-;Si;-;-;Si;-;$1.039.088,00;$2.020.000,00
;;2438338;PASTILLA DE FRENO DR 150 DELANTERO;$6.000,00;318,00;No;-;-;-;PASTILLA FRENO DELANTERO;-;$2.184,00;0,00;0,00;No;$0,00;No;-;Si;-;-;Si;-;$694.512,00;$1.908.000,00
;;2438344;PASTILLA DE FRENO INVICTA TRASERO;$6.000,00;384,00;No;-;-;-;PASTILLA FRENO TRASERO;-;$2.572,00;0,00;0,00;No;$0,00;No;-;Si;-;-;Si;-;$987.648,00;$2.304.000,00
;;2438318;PASTILLA DE FRENO PULSAR 135 DELANTERO;$5.000,00;2.337,00;No;-;-;-;PASTILLA FRENO DELANTERO;-;$2.433,00;0,00;0,00;No;$0,00;No;-;Si;-;-;Si;-;$5.685.921,00;$11.685.000,00
;;2438349;PASTILLA DE FRENO PULSAR 200NS TRASERO;$6.000,00;297,00;No;-;-;-;PASTILLA FRENO TRASERO;-;$2.572,00;0,00;0,00;No;$0,00;No;-;Si;-;-;Si;-;$763.884,00;$1.782.000,00
;;2438345;PASTILLA DE FRENO TRILLER 150 TRASERO;$6.000,00;395,00;No;-;-;-;PASTILLA FRENO TRASERO;-;$2.572,00;0,00;0,00;No;$0,00;No;-;Si;-;-;Si;-;$1.015.940,00;$2.370.000,00
;;2438337;PASTILLA DE FRENO VIVAR 115 DELANTERO;$5.000,00;256,00;No;-;-;-;PASTILLA FRENO DELANTERO;-;$2.505,00;0,00;0,00;No;$0,00;No;-;Si;-;-;Si;-;$641.280,00;$1.280.000,00
;;2438339;PASTILLA DE FRENO XR 150 DELANTERO;$5.000,00;239,00;No;-;-;-;PASTILLA FRENO DELANTERO;-;$2.505,00;0,00;0,00;No;$0,00;No;-;Si;-;-;Si;-;$598.695,00;$1.195.000,00
;;2438336;PASTILLA DE FRENO XTZ 125 DELANTERO;$5.000,00;276,00;No;-;-;-;PASTILLA FRENO DELANTERO;-;$2.433,00;0,00;0,00;No;$0,00;No;-;Si;-;-;Si;-;$671.508,00;$1.380.000,00
;;2438341;PASTILLA DE FRENO XTZ 150 DELANTERO;$5.000,00;146,00;No;-;-;-;PASTILLA FRENO DELANTERO;-;$2.433,00;0,00;0,00;No;$0,00;No;-;Si;-;-;Si;-;$355.218,00;$730.000,00
;;2438350;PASTILLA DE FRENO XTZ 250 TRASERO;$7.000,00;82,00;No;-;-;-;PASTILLA FRENO TRASERO;-;$2.784,00;0,00;0,00;No;$0,00;No;-;Si;-;-;Si;-;$228.288,00;$574.000,00
;;2438327;PASTILLA DE FRENO YBR 125 DELANTERO;$5.000,00;300,00;No;-;-;-;PASTILLA FRENO DELANTERO;-;$2.433,00;0,00;0,00;No;$0,00;No;-;Si;-;-;Si;-;$729.900,00;$1.500.000,00
;;1767852;PITOS;$6.000,00;132,00;No;-;-;-;PITOS;-;$3.105,00;0,00;0,00;No;$0,00;No;-;Si;-;-;Si;-;$409.860,00;$792.000,00
;;2438125;PLATO BOBINA AKT NKD 125;$30.000,00;169,00;No;-;-;-;PLATO BOBINA;-;$15.926,00;0,00;0,00;No;$0,00;No;-;Si;-;-;Si;-;$2.691.494,00;$5.070.000,00
;;1767844;PRENSA CLUTCH AKT 125 NKD / TTR 125-150;$32.000,00;41,00;No;-;-;-;PRENSA CLUTCH;AKT;$17.951,00;0,00;0,00;No;$0,00;No;-;Si;-;-;Si;-;$735.991,00;$1.312.000,00
;;1767842;PRENSA CLUTCH CB 110 / NEO 110;$33.000,00;368,00;No;-;-;-;PRENSA CLUTCH;HONDA;$17.155,00;0,00;0,00;No;$0,00;No;-;Si;-;-;Si;-;$6.313.040,00;$12.144.000,00
;;2438480;PRENSA CLUTCH CB125;$36.000,00;260,00;No;-;-;-;PRENSA CLUTCH;-;$17.510,00;0,00;0,00;No;$0,00;No;-;Si;-;-;Si;-;$4.552.600,00;$9.360.000,00
;;1767845;PRENSA CLUTCH CBF 150 / INVICTA 150 /XR 150;$36.000,00;27,00;No;-;-;-;PRENSA CLUTCH;HONDA;$17.736,00;0,00;0,00;No;$0,00;No;-;Si;-;-;Si;-;$478.872,00;$972.000,00
;;1767843;PRENSA CLUTCH DISCOVER 125 ST;$35.000,00;62,00;No;-;-;-;PRENSA CLUTCH;AUTECO;$18.000,00;0,00;0,00;No;$0,00;No;-;Si;-;-;Si;-;$1.116.000,00;$2.170.000,00
;;2438485;PRENSA CLUTCH DR 150;$39.000,00;166,00;No;-;-;-;PRENSA CLUTCH;-;$17.385,00;0,00;0,00;No;$0,00;No;-;Si;-;-;Si;-;$2.885.910,00;$6.474.000,00
;;1767841;PRENSA CLUTCH ECO DELUXE;$31.000,00;2,00;No;-;-;-;PRENSA CLUTCH;AUTECO;$17.558,00;0,00;0,00;No;$0,00;No;-;Si;-;-;Si;-;$35.116,00;$62.000,00
;;2438482;PRENSA CLUTCH TVS 100;$36.000,00;170,00;No;-;-;-;PRENSA CLUTCH;-;$15.302,00;0,00;0,00;No;$0,00;No;-;Si;-;-;Si;-;$2.601.340,00;$6.120.000,00
;;1767840;PRENSA CLUTCH XTZ 125;$34.000,00;287,00;No;-;-;-;PRENSA CLUTCH;YAMAHA;$16.444,00;0,00;0,00;No;$0,00;No;-;Si;-;-;Si;-;$4.719.428,00;$9.758.000,00
;;2438212;REGULADOR AKT 110;$12.000,00;361,00;No;-;-;-;REGULADOR;-;$5.736,00;0,00;0,00;No;$0,00;No;-;Si;-;-;Si;-;$2.070.696,00;$4.332.000,00
;;2438211;REGULADOR AKT NKD 125;$12.000,00;353,00;No;-;-;-;REGULADOR;-;$5.736,00;0,00;0,00;No;$0,00;No;-;Si;-;-;Si;-;$2.024.808,00;$4.236.000,00
;;2438203;RELAY ECO DELUXE;$8.500,00;1.491,00;No;-;-;-;RELAY;-;$4.016,00;0,00;0,00;No;$0,00;No;-;Si;-;-;Si;-;$5.987.856,00;$12.673.500,00
;;1767838;RELAY UNIVERSAL;$9.500,00;990,00;No;-;-;-;RELAY;UNIVERSAL;$5.121,00;0,00;0,00;No;$0,00;No;-;Si;-;-;Si;-;$5.069.790,00;$9.405.000,00
;;1767839;RELAY XTZ 125 / YBR 125 / LIBERO 125;$14.500,00;1.265,00;No;-;-;-;RELAY;YAMAHA;$7.824,00;0,00;0,00;No;$0,00;No;-;Si;-;-;Si;-;$9.897.360,00;$18.342.500,00
;;1767828;SWITCH ENCENDIDO AKT 125 NKD;$10.500,00;0,00;No;-;-;-;SWITCH ENCENDIDO;AKT;$5.400,00;0,00;0,00;No;$0,00;No;-;Si;-;-;Si;-;$0,00;$0,00
;;2438164;SWITCH ENCENDIDO AX 4;$27.000,00;275,00;No;-;-;-;SWITCH ENCENDIDO;-;$13.910,00;0,00;0,00;No;$0,00;No;-;Si;-;-;Si;-;$3.825.250,00;$7.425.000,00
;;1767826;SWITCH ENCENDIDO BOXER CT / PLATINO 100;$18.500,00;171,00;No;-;-;-;SWITCH ENCENDIDO;AUTECO;$9.873,00;0,00;0,00;No;$0,00;No;-;Si;-;-;Si;-;$1.688.283,00;$3.163.500,00
;;1767824;SWITCH ENCENDIDO CB 110 / NEO 110;$17.000,00;631,00;No;-;-;-;SWITCH ENCENDIDO;HONDA;$9.043,00;0,00;0,00;No;$0,00;No;-;Si;-;-;Si;-;$5.706.133,00;$10.727.000,00
;;2438172;SWITCH ENCENDIDO CB 125F;$22.500,00;195,00;No;-;-;-;SWITCH ENCENDIDO;-;$10.430,00;0,00;0,00;No;$0,00;No;-;Si;-;-;Si;-;$2.033.850,00;$4.387.500,00
;;2438177;SWITCH ENCENDIDO CRYPTON T-115 FI;$34.000,00;237,00;No;-;-;-;SWITCH ENCENDIDO;-;$13.910,00;0,00;0,00;No;$0,00;No;-;Si;-;-;Si;-;$3.296.670,00;$8.058.000,00
;;1767827;SWITCH ENCENDIDO DISCOVER 125ST-150;$19.000,00;180,00;No;-;-;-;SWITCH ENCENDIDO;AUTECO;$9.873,00;0,00;0,00;No;$0,00;No;-;Si;-;-;Si;-;$1.777.140,00;$3.420.000,00
;;2438167;SWITCH ENCENDIDO DR 150;$26.000,00;267,00;No;-;-;-;SWITCH ENCENDIDO;-;$12.864,00;0,00;0,00;No;$0,00;No;-;Si;-;-;Si;-;$3.434.688,00;$6.942.000,00
;;1767823;SWITCH ENCENDIDO ECO DELUXE;$20.000,00;681,00;No;-;-;-;SWITCH ENCENDIDO;AUTECO;$10.780,00;0,00;0,00;No;$0,00;No;-;Si;-;-;Si;-;$7.341.180,00;$13.620.000,00
;;2438169;SWITCH ENCENDIDO TVS 100;$27.000,00;273,00;No;-;-;-;SWITCH ENCENDIDO;-;$13.910,00;0,00;0,00;No;$0,00;No;-;Si;-;-;Si;-;$3.797.430,00;$7.371.000,00
;;2438174;SWITCH ENCENDIDO VIVAR 115;$35.000,00;81,00;No;-;-;-;SWITCH ENCENDIDO;-;$18.081,00;0,00;0,00;No;$0,00;No;-;Si;-;-;Si;-;$1.464.561,00;$2.835.000,00
;;1767825;SWITCH ENCENDIDO XTZ 125 E;$18.500,00;79,00;No;-;-;-;SWITCH ENCENDIDO;YAMAHA;$9.873,00;0,00;0,00;No;$0,00;No;-;Si;-;-;Si;-;$779.967,00;$1.461.500,00
;;1767797;SWITCH RUN 2 CABLES;$3.000,00;1.654,00;No;-;-;-;SWITCH RUN;-;$1.483,00;0,00;0,00;No;$0,00;No;-;Si;-;-;Si;-;$2.452.882,00;$4.962.000,00
;;1767798;SWITCH RUN 3 CABLES;$3.000,00;711,00;No;-;-;-;SWITCH RUN;-;$1.483,00;0,00;0,00;No;$0,00;No;-;Si;-;-;Si;-;$1.054.413,00;$2.133.000,00
;;2438503;TAPA GASOLINA AKT NKD 125;$23.000,00;254,00;No;-;-;-;TAPA GASOLINA;-;$12.744,00;0,00;0,00;No;$0,00;No;-;Si;-;-;Si;-;$3.236.976,00;$5.842.000,00
;;2438502;TAPA GASOLINA ECO DELUXE;$25.000,00;165,00;No;-;-;-;TAPA GASOLINA;-;$14.136,00;0,00;0,00;No;$0,00;No;-;Si;-;-;Si;-;$2.332.440,00;$4.125.000,00
;;2438297;TROMPO STOP PAQUETE X10;$18.000,00;951,00;No;-;-;-;TROMPO STOP;-;$840,00;0,00;0,00;No;$0,00;No;-;Si;-;-;Si;-;$798.840,00;$17.118.000,00
